sv,10178.1112
sv,10209.1112
en,10281.1112
sv,10140.1112
sv,10123.1112
en,10282.1112
sv,10258.1112
sv,10259.1112
en,10279.1112
en,10108.1112
sv,10104.1112
sv,10105.1112
sv,10214.1112
sv,10234.1112
en,10009.1112
en,10107.1112
en,10223.1112
en,10225.1112
sv,10004.1112
en,10298.1112
sv,10055.1112
en,10097.1112
en,10333.1112
sv,10251.1112
sv,10080.1112
sv,10081.1112
sv,10203.1112
sv,10164.1112
en,10205.1112
en,10019.1112
en,10048.1112
en,10322.1112
en,10011.1112
en,10012.1112
en,10013.1112
en,10037.1112
en,10036.1112
en,10109.1112
en,10052.1112
sv,10292.1112
en,10023.1112
en,10352.1112
en,10024.1112
en,10025.1112
sv,10077.1112
sv,10076.1112
sv,10078.1112
sv,10293.1112
sv,10226.1112
sv,10227.1112
en,10268.1112
en,10269.1112
en,10016.1112
en,10017.1112
en,10324.1112
en,10363.1112
en,10015.1112
en,10026.1112
en,10030.1112
en,10031.1112
sv,10356.1112
en,10286.1112
en,10287.1112
sv,10233.1112
en,10035.1112
en,10127.1112
en,10006.1112
sv,10261.1112
sv,10332.1112
sv,10326.1112
sv,10197.1112
sv,10148.1112
en,10204.1112
en,10134.1112
en,10156.1112
en,10063.1112
en,10155.1112
sv,10143.1112
sv,10308.1112
en,10056.1112
sv,10253.1112
sv,10316.1112
sv,10228.1112
sv,10257.1112
en,10065.1112
sv,10329.1112
sv,10082.1112
en,10121.1112
en,10153.1112
en,10128.1112
en,10150.1112
en,10186.1112
en,10138.1112
en,10185.1112
en,10094.1112
en,10218.1112
sv,10306.1112
en,10180.1112
en,10098.1112
en,10202.1112
sv,10210.1112
sv,10219.1112
sv,10348.1112
sv,10112.1112
sv,10315.1112
en,10095.1112
en,10222.1112
en,10057.1112
en,10173.1112
sv,10171.1112
sv,10255.1112
sv,10256.1112
sv,10058.1112
sv,10188.1112
sv,10181.1112
en,10133.1112
sv,10131.1112
sv,10270.1112
en,10039.1112
en,10336.1112
en,10311.1112
en,10230.1112
en,10110.1112
en,10032.1112
en,10313.1112
en,10231.1112
en,10362.1112
en,10111.1112
en,10314.1112
en,10247.1112
sv,10125.1112
sv,10106.1112
sv,10176.1112
sv,10166.1112
en,10124.1112
sv,10022.1112
sv,10179.1112
sv,10165.1112
sv,10277.1112
en,10275.1112
en,10010.1112
en,10099.1112
en,10264.1112
sv,10189.1112
sv,10235.1112
en,10265.1112
en,10266.1112
en,10008.1112
en,10229.1112
sv,10310.1112
sv,10327.1112
sv,10079.1112
en,10174.1112
en,10003.1112
sv,10152.1112
sv,10358.1112
sv,10159.1112
sv,10160.1112
sv,10129.1112
sv,10130.1112
sv,10137.1112
sv,10151.1112
sv,10328.1112
sv,10187.1112
sv,10184.1112
en,10291.1112
sv,10029.1112
sv,10236.1112
sv,10116.1112
en,10190.1112
en,10325.1112
sv,10005.1112
en,10102.1112
sv,10299.1112
en,10213.1112
en,10033.1112
en,10175.1112
en,10273.1112
en,10049.1112
en,10118.1112
sv,10304.1112
sv,10182.1112
sv,10191.1112
sv,10224.1112
sv,10215.1112
en,10146.1112
en,10144.1112
en,10319.1112
en,10034.1112
sv,10040.1112
en,10136.1112
en,10260.1112
sv,10132.1112
en,10141.1112
sv,10284.1112
en,10103.1112
sv,10149.1112
sv,10300.1112
sv,10371.1112
sv,10254.1112
sv,10276.1112
sv,10372.1112
sv,10096.1112
en,10334.1112
en,10020.1112
sv,10278.1112
sv,10066.1112
en,10238.1112
en,10237.1112
en,10290.1112
sv,10021.1112
sv,10047.1112
en,10119.1112
sv,10288.1112
sv,20082.1112
sv,10147.1112
sv,20087.1112
sv,20046.1112
en,20109.1112
en,20137.1112
en,20025.1112
en,20018.1112
sv,20120.1112
en,20028.1112
sv,20043.1112
en,20085.1112
en,20017.1112
en,20020.1112
sv,20021.1112
en,20041.1112
en,20127.1112
sv,20135.1112
sv,20145.1112
sv,20094.1112
sv,20095.1112
sv,20078.1112
sv,20077.1112
sv,20033.1112
en,20126.1112
sv,20022.1112
en,20019.1112
sv,20140.1112
sv,20141.1112
en,20138.1112
en,20139.1112
sv,20113.1112
en,20048.1112
en,20009.1112
en,20096.1112
sv,20114.1112
en,20063.1112
en,20081.1112
sv,20079.1112
sv,20080.1112
sv,20155.1112
sv,20128.1112
sv,20100.1112
sv,20006.1112
en,20029.1112
en,20026.1112
sv,20035.1112
sv,20036.1112
sv,20122.1112
en,20104.1112
en,20075.1112
en,20027.1112
sv,20049.1112
sv,20159.1112
sv,20054.1112
sv,20089.1112
sv,20119.1112
sv,20129.1112
en,20097.1112
en,20042.1112
sv,20088.1112
en,20044.1112
en,20167.1112
sv,20047.1112
sv,20064.1112
en,20071.1112
sv,20072.1112
en,20108.1112
sv,20163.1112
en,20121.1112
en,20133.1112
en,20016.1112
en,20010.1112
en,20123.1112
en,20057.1112
en,20098.1112
en,20124.1112
en,20008.1112
en,20110.1112
sv,20125.1112
en,20024.1112
en,20045.1112
sv,20160.1112
en,20059.1112
en,20005.1112
sv,20055.1112
sv,20076.1112
sv,20051.1112
en,20039.1112
sv,20112.1112
en,20058.1112
sv,20103.1112
sv,20102.1112
en,20101.1112
sv,20007.1112
en,20069.1112
en,20073.1112
en,20074.1112
en,20132.1112
en,20070.1112
en,20040.1112
en,20084.1112
sv,20153.1112
sv,20037.1112
en,20062.1112
sv,20060.1112
sv,20061.1112
sv,20068.1112
sv,20150.1112
sv,20038.1112
en,10217.1112
en,20011.1112
sv,20015.1112
sv,20013.1112
en,20158.1112
sv,20115.1112
en,20056.1112
en,30287.1112
sv,30195.1112
en,30297.1112
sv,30292.1112
sv,30043.1112
en,30033.1112
sv,30228.1112
sv,30230.1112
en,30058.1112
en,30059.1112
sv,30257.1112
sv,30045.1112
en,30182.1112
sv,30127.1112
sv,30144.1112
en,30191.1112
en,30205.1112
en,30252.1112
en,30322.1112
en,30071.1112
en,30368.1112
sv,30086.1112
sv,30270.1112
sv,30047.1112
sv,30034.1112
en,30139.1112
en,30193.1112
en,30298.1112
en,30011.1112
en,30012.1112
en,30013.1112
en,30354.1112
sv,30361.1112
en,30038.1112
en,30099.1112
en,30351.1112
en,30052.1112
sv,30267.1112
sv,30293.1112
en,30022.1112
en,30023.1112
en,30024.1112
sv,30268.1112
sv,30206.1112
sv,30207.1112
en,30247.1112
en,30248.1112
en,30017.1112
en,30300.1112
en,30357.1112
en,30016.1112
en,30025.1112
en,30030.1112
en,30031.1112
sv,30318.1112
en,30262.1112
en,30263.1112
en,30172.1112
sv,30210.1112
sv,30211.1112
en,30042.1112
sv,30035.1112
en,30114.1112
sv,30111.1112
sv,30189.1112
sv,30223.1112
sv,30141.1112
en,30145.1112
en,30179.1112
sv,30155.1112
sv,30196.1112
sv,30198.1112
sv,30120.1112
sv,30068.1112
sv,30069.1112
en,30061.1112
sv,30288.1112
sv,30084.1112
sv,30264.1112
sv,30142.1112
en,30109.1112
en,30135.1112
en,30116.1112
en,30132.1112
en,30176.1112
en,30124.1112
en,30175.1112
en,30106.1112
en,30315.1112
en,30260.1112
en,30278.1112
en,30167.1112
sv,30037.1112
en,30204.1112
sv,30238.1112
sv,30102.1112
sv,30286.1112
sv,30239.1112
sv,30112.1112
sv,30200.1112
sv,30190.1112
sv,30097.1112
sv,30280.1112
en,30259.1112
sv,30227.1112
sv,30119.1112
sv,30183.1112
sv,30055.1112
sv,30249.1112
en,30192.1112
sv,30128.1112
sv,30221.1112
en,30040.1112
en,30303.1112
en,30208.1112
en,30100.1112
en,30209.1112
en,30324.1112
en,30101.1112
en,30029.1112
en,30098.1112
sv,30138.1112
sv,30169.1112
en,30095.1112
en,30032.1112
sv,30090.1112
en,30121.1112
en,30237.1112
sv,30233.1112
en,30240.1112
en,30241.1112
en,30285.1112
en,30009.1112
en,30154.1112
sv,30085.1112
sv,30215.1112
sv,30083.1112
en,30122.1112
en,30070.1112
sv,30137.1112
sv,30134.1112
sv,30110.1112
sv,30149.1112
sv,30150.1112
sv,30117.1112
sv,30118.1112
sv,30125.1112
sv,30123.1112
sv,30136.1112
sv,30133.1112
sv,30177.1112
sv,30174.1112
en,30266.1112
sv,30166.1112
en,20083.1112
sv,30203.1112
en,30062.1112
sv,30226.1112
sv,30282.1112
sv,40032.1112
sv,30130.1112
en,30126.1112
sv,30082.1112
en,30051.1112
en,30231.1112
sv,30289.1112
sv,30291.1112
sv,30140.1112
en,30143.1112
sv,30094.1112
en,30002.1112
en,30036.1112
sv,30027.1112
sv,30021.1112
en,30010.1112
en,30019.1112
en,30003.1112
en,30157.1112
sv,30170.1112
sv,30057.1112
sv,30213.1112
sv,30314.1112
sv,30261.1112
en,30041.1112
en,30004.1112
en,30214.1112
sv,30028.1112
en,30020.1112
sv,30272.1112
sv,30096.1112
sv,30129.1112
sv,40008.1112
sv,40102.1112
en,40050.1112
en,40053.1112
sv,40156.1112
en,40026.1112
en,40058.1112
en,40006.1112
en,40012.1112
sv,40080.1112
en,40085.1112
en,40086.1112
en,40137.1112
en,40150.1112
sv,40039.1112
sv,40040.1112
sv,40042.1112
sv,40140.1112
en,40007.1112
en,40106.1112
en,40098.1112
en,40016.1112
en,40179.1112
sv,40143.1112
sv,40144.1112
sv,40117.1112
sv,40145.1112
en,40099.1112
en,40162.1112
en,40015.1112
en,40021.1112
sv,40062.1112
sv,40072.1112
sv,40073.1112
sv,40142.1112
sv,40110.1112
sv,40103.1112
en,40164.1112
en,40022.1112
sv,40120.1112
en,40089.1112
en,40174.1112
en,40043.1112
sv,40096.1112
en,40159.1112
en,40087.1112
sv,40127.1112
sv,40044.1112
sv,40001.1112
sv,40128.1112
sv,40132.1112
sv,40133.1112
sv,40157.1112
en,40138.1112
sv,40083.1112
en,40041.1112
sv,40065.1112
sv,40091.1112
sv,40013.1112
sv,40134.1112
sv,40107.1112
sv,40154.1112
sv,40118.1112
sv,40081.1112
sv,40056.1112
sv,40057.1112
sv,40047.1112
sv,40122.1112
sv,40104.1112
sv,40014.1112
sv,40023.1112
en,40126.1112
sv,40036.1112
en,40129.1112
en,40068.1112
sv,40155.1112
en,40005.1112
en,40111.1112
en,40069.1112
sv,40033.1112
sv,40031.1112
sv,40010.1112
en,40119.1112
sv,40067.1112
sv,40046.1112
sv,40049.1112
sv,40055.1112
sv,40066.1112
sv,40090.1112
sv,40003.1112
en,40037.1112
en,40114.1112
sv,40079.1112
en,40173.1112
sv,40097.1112
sv,40060.1112
en,40070.1112
sv,40121.1112
en,40061.1112
en,40063.1112
sv,40030.1112
en,40071.1112
en,40064.1112
sv,40141.1112
sv,40161.1112
en,40105.1112
en,40038.1112
en,40165.1112
sv,50016.1112
en,50031.1112
en,50003.1112
en,50018.1112
sv,50009.1112
sv,50020.1112
en,50039.1112
en,50044.1112
en,50001.1112
en,50017.1112
sv,50010.1112
en,50025.1112
en,50015.1112
en,50014.1112
en,50019.1112
en,50026.1112
sv,71001.1112
sv,71006.1112
sv,71005.1112
sv,71004.1112
sv,71003.1112
